{
  "BOFunction": 0,
  "EnergyFunction": 1,
  "MessageFunction": 3,
  "MolEnergy": {
    "cnt4": 2.645705461502075,
    "cnt5": -3.280632495880127,
    "cnt6": -2.73095703125,
    "cnt8": 0.05471815541386604,
    "gp4": 0.7826648354530334,
    "gp8": 3.2992892265319824
  },
  "VdwFunction": 1,
  "be_layer": [
    9,
    1
  ],
  "bo_layer": null,
  "m": {
    "feb_C-C": [
      [
        -1.1936705112457275,
        0.9271531701087952,
        -1.958159327507019,
        -2.4917774200439453,
        -1.1686656475067139,
        0.766133189201355,
        -1.6896330118179321,
        -2.1963677406311035,
        -3.3228533267974854
      ]
    ],
    "febi_C-C": [
      0.4878963232040405,
      3.150205373764038,
      0.836553156375885,
      1.7542434930801392,
      0.670203447341919,
      1.0013536214828491,
      1.1900484561920166,
      1.3747336864471436,
      0.6599403619766235
    ],
    "febo_C-C": [
      1.6474573612213135
    ],
    "few_C-C": [
      [
        [
          0.7432945370674133,
          -0.5248363018035889,
          0.21725136041641235,
          -0.11335009336471558,
          0.6572167873382568,
          -0.6974119544029236,
          0.5646033883094788,
          0.3997887074947357,
          -0.16602081060409546
        ],
        [
          0.062386415898799896,
          -0.6492440104484558,
          0.2358122318983078,
          0.3759916126728058,
          0.07281363010406494,
          -0.27089723944664,
          0.1994955837726593,
          0.43435657024383545,
          1.8188618421554565
        ],
        [
          0.9388664364814758,
          -0.6835604906082153,
          1.6203587055206299,
          2.088409185409546,
          0.9375444650650024,
          -0.6791414022445679,
          1.2793103456497192,
          1.7414042949676514,
          2.539794445037842
        ],
        [
          1.2700119018554688,
          -0.9102064371109009,
          1.7051074504852295,
          1.8714714050292969,
          1.2708334922790527,
          -0.9585264921188354,
          1.5624808073043823,
          1.8437657356262207,
          2.398737668991089
        ],
        [
          0.7652576565742493,
          -0.5645560026168823,
          1.2715026140213013,
          1.5111578702926636,
          0.7759971022605896,
          -0.5684846639633179,
          1.0291857719421387,
          1.348404049873352,
          2.0305728912353516
        ],
        [
          1.1072551012039185,
          -0.8144025206565857,
          2.122870445251465,
          2.7714293003082275,
          1.1249442100524902,
          -0.7819193005561829,
          1.569961428642273,
          2.2408676147460938,
          3.325458288192749
        ],
        [
          1.0240174531936646,
          -1.3225477933883667,
          -0.22335851192474365,
          -0.7615006566047668,
          1.1513127088546753,
          -1.6773322820663452,
          0.6171603798866272,
          -0.14966599643230438,
          -2.1344192028045654
        ],
        [
          -0.816672146320343,
          0.339929461479187,
          -0.8856652975082397,
          -0.6120191216468811,
          -0.8847690224647522,
          0.6185962557792664,
          -1.2636524438858032,
          -1.440866231918335,
          -1.594098687171936
        ],
        [
          0.7614282369613647,
          -0.5697256326675415,
          1.2555772066116333,
          1.486924648284912,
          0.752434492111206,
          -0.567186176776886,
          0.9947652816772461,
          1.3253865242004395,
          1.9961788654327393
        ]
      ]
    ],
    "fewi_C-C": [
      [
        0.2693406939506531,
        -1.1223337650299072,
        -5.493371963500977,
        -3.2469751834869385,
        -4.466701030731201,
        -6.5366902351379395,
        1.706894040107727,
        -1.554677963256836,
        -4.404505252838135
      ],
      [
        -2.424776077270508,
        4.942963123321533,
        -0.2712861895561218,
        -0.19149862229824066,
        -0.18404726684093475,
        -0.48363956809043884,
        -1.8486005067825317,
        -1.4383649826049805,
        -0.20620279014110565
      ],
      [
        -2.9023971557617188,
        -8.11345100402832,
        -1.4998500347137451,
        -4.9546332359313965,
        -2.146876573562622,
        -0.7476714253425598,
        -2.9750874042510986,
        -1.4014816284179688,
        -2.163668632507324
      ]
    ],
    "fewo_C-C": [
      [
        -1.9522051811218262
      ],
      [
        1.706801414489746
      ],
      [
        -2.8268885612487793
      ],
      [
        -4.343073844909668
      ],
      [
        -2.0493855476379395
      ],
      [
        1.5864086151123047
      ],
      [
        -2.189967155456543
      ],
      [
        -3.133390426635742
      ],
      [
        -8.223917961120605
      ]
    ],
    "fmb_C": [
      [
        -0.27313271164894104,
        -0.4052693545818329,
        0.5657882690429688,
        1.880051612854004,
        1.4965232610702515,
        -0.4552384316921234,
        -0.1157095804810524,
        2.69462513923645,
        -0.21322989463806152
      ]
    ],
    "fmbi_C": [
      -0.8905089497566223,
      0.5532028079032898,
      -1.128783941268921,
      30.738689422607422,
      0.026245562359690666,
      4.950652122497559,
      4.1291913986206055,
      0.45936837792396545,
      9.279067039489746
    ],
    "fmbo_C": [
      -1.2857515811920166,
      -0.30335503816604614,
      0.6567537784576416
    ],