{
  "BOFunction": 0,
  "EnergyFunction": 1,
  "MessageFunction": 3,
  "MolEnergy": {
    "cnt4": 1.571028232574463,
    "cnt52": -3.9261186122894287,
    "cnt7": 0.1728680580854416,
    "gp8": 4.050881385803223
  },
  "VdwFunction": 1,
  "be_layer": [
    9,
    1
  ],
  "bo_layer": null,
  "m": {
    "feb_C-C": [
      [
        -1.1680668592453003,
        0.8988256454467773,
        -1.949666142463684,
        -2.4898860454559326,
        -1.141898512840271,
        0.7347543239593506,
        -1.6745704412460327,
        -2.1853976249694824,
        -3.346850872039795
      ]
    ],
    "febi_C-C": [
      0.46571439504623413,
      3.1025238037109375,
      0.3981887102127075,
      1.6618434190750122,
      0.32424795627593994,
      0.5895264148712158,
      1.253161907196045,
      1.3761402368545532,
      0.31706705689430237
    ],
    "febo_C-C": [
      1.607647180557251
    ],
    "few_C-C": [
      [
        [
          0.5293153524398804,
          -0.4094669818878174,
          -0.024069614708423615,
          -0.3802608251571655,
          0.45073118805885315,
          -0.5991988778114319,
          0.33408811688423157,
          0.17029330134391785,
          -0.358831524848938
        ],
        [
          0.06605585664510727,
          -0.6583413481712341,
          0.2148851454257965,
          0.3301835060119629,
          0.07844281941652298,
          -0.28168317675590515,
          0.19492030143737793,
          0.41672539710998535,
          1.7378329038619995
        ],
        [
          0.763838529586792,
          -0.6381220817565918,
          1.6555520296096802,
          2.332395076751709,
          0.765055775642395,
          -0.6646519899368286,
          1.1418564319610596,
          1.7912445068359375,
          2.9604878425598145
        ],
        [
          1.169222116470337,
          -0.8757627010345459,
          1.4595805406570435,
          1.5183370113372803,
          1.1731919050216675,
          -0.9391520023345947,
          1.417725920677185,
          1.6234145164489746,
          2.161390781402588
        ],
        [
          0.5524370074272156,
          -0.4951818883419037,
          1.0511072874069214,
          1.3444275856018066,
          0.5710371732711792,
          -0.5246284008026123,
          0.7715919017791748,
          1.1400648355484009,
          1.9831373691558838
        ],
        [
          1.1823323965072632,
          -0.9094892740249634,
          2.9413933753967285,
          4.088279724121094,
          1.1845680475234985,
          -0.9123358726501465,
          1.9061052799224854,
          3.0868494510650635,
          4.891234397888184
        ],
        [
          1.0261059999465942,
          -1.352331280708313,
          -0.24932366609573364,
          -0.8105301260948181,
          1.1571285724639893,
          -1.712446689605713,
          0.6050202250480652,
          -0.17057420313358307,
          -2.195209503173828
        ],
        [
          -0.9191017746925354,
          0.372947633266449,
          -1.0271636247634888,
          -0.7809619903564453,
          -0.9804431200027466,
          0.6382647752761841,
          -1.3853286504745483,
          -1.5738563537597656,
          -1.7341341972351074
        ],
        [
          0.5454829335212708,
          -0.49762582778930664,
          1.0252768993377686,
          1.3056626319885254,
          0.544640064239502,
          -0.5203168988227844,
          0.7318928837776184,
          1.1075297594070435,
          1.9325751066207886
        ]
      ]
    ],
    "fewi_C-C": [
      [
        0.26913437247276306,
        -1.128598928451538,
        -5.918476581573486,
        -3.2165088653564453,
        -4.707311153411865,
        -7.166409015655518,
        1.738865852355957,
        -1.5795396566390991,
        -4.639707088470459
      ],
      [
        -2.113967180252075,
        5.105707168579102,
        0.01126572210341692,
        0.251446008682251,
        0.1732982099056244,
        -0.3112923204898834,
        -1.9523900747299194,
        -1.647552251815796,
        0.15104249119758606
      ],
      [
        -2.6751105785369873,
        -7.719052791595459,
        -1.43704092502594,
        -5.067134380340576,
        -2.132017135620117,
        -0.6401441693305969,
        -3.1507515907287598,
        -1.4139177799224854,
        -2.151522397994995
      ]
    ],
    "fewo_C-C": [
      [
        -1.973422646522522
      ],
      [
        1.6373106241226196
      ],
      [
        -2.921297073364258
      ],
      [
        -4.545300483703613
      ],
      [
        -2.075660467147827
      ],
      [
        1.5231131315231323
      ],
      [
        -2.235724687576294
      ],
      [
        -3.2386136054992676
      ],
      [
        -8.657258033752441
      ]
    ],
    "fmb_C": [
      [
        -0.3350958526134491,
        -0.4872362017631531,
        0.3668561577796936,
        1.8730398416519165,
        1.405700445175171,
        -0.34675973653793335,
        -0.33689799904823303,
        2.5236761569976807,
        -0.18950265645980835
      ]
    ],
    "fmbi_C": [
      -8.115585327148438,
      0.36406251788139343,
      -1.1594572067260742,
      33.267356872558594,
      -0.022269662469625473,
      4.76757287979126,
      6.080236911773682,
      0.5295407772064209,
      9.372995376586914
    ],
    "fmbo_C": [
      -1.6151354312896729,
      -0.323397696018219,
      0.6511733531951904
    ],